{
  "team_id": "team3",
  "team_name": "第三小组",
  "timestamp": "2025-07-25T15:06:31.091387",
  "stats": {
    "totalElapsed": 120.5,
    "totalSent": 5000,
    "totalOps": 4850,
    "totalErrors": 150,
    "totalSaveDelayErrors": 45,
    "pending": 25,
    "operations": {
      "sensorData": {
        "operations": 2000,
        "errors": 60
      },
      "sensorRW": {
        "operations": 1500,
        "errors": 45
      },
      "batchRW": {
        "operations": 800,
        "errors": 25
      },
      "query": {
        "operations": 550,
        "errors": 20
      }
    },
    "highPriorityStats": {
      "sensorDataCount": 300,
      "sensorRWCount": 200,
      "batchRWCount": 100,
      "queryCount": 50,
      "totalCount": 650,
      "percentage": 13.0
    },
    "performanceMetrics": {
      "avgSentQPS": 41.5,
      "avgCompletedQPS": 55.212288000000015,
      "errorRate": 3.09
    },
    "latencyAnalysis": {
      "sensorData": {
        "avg": 45.2,
        "min": 12.5,
        "max": 1250.8,
        "buckets": [
          150,
          200,
          180,
          160,
          140,
          120,
          100,
          80,
          60,
          40,
          20,
          10,
          5
        ]
      },
      "sensorRW": {
        "avg": 78.5,
        "min": 25.3,
        "max": 2100.2,
        "buckets": [
          120,
          150,
          130,
          110,
          90,
          70,
          50,
          40,
          30,
          20,
          15,
          10,
          5
        ]
      },
      "batchRW": {
        "avg": 125.8,
        "min": 45.6,
        "max": 3500.5,
        "buckets": [
          80,
          100,
          90,
          70,
          60,
          50,
          40,
          30,
          25,
          20,
          15,
          10,
          5
        ]
      },
      "query": {
        "avg": 95.3,
        "min": 35.2,
        "max": 2800.1,
        "buckets": [
          100,
          120,
          110,
          90,
          75,
          60,
          45,
          35,
          25,
          20,
          15,
          10,
          5
        ]
      }
    }
  }
}