{
  "team_id": "team5",
  "team_name": "测试小组五",
  "timestamp": "2025-07-25T12:08:57.100510",
  "stats": {
    "totalElapsed": 100.04497166491058,
    "totalSent": 2511,
    "totalOps": 2386,
    "totalErrors": 125,
    "totalSaveDelayErrors": 23,
    "pending": 60,
    "operations": {
      "sensorData": {
        "operations": 826,
        "errors": 32
      },
      "sensorRW": {
        "operations": 494,
        "errors": 17
      },
      "batchRW": {
        "operations": 320,
        "errors": 15
      },
      "query": {
        "operations": 403,
        "errors": 18
      }
    },
    "highPriorityStats": {
      "sensorDataCount": 274,
      "sensorRWCount": 128,
      "batchRWCount": 114,
      "queryCount": 95,
      "totalCount": 572,
      "percentage": 22.779769016328157
    },
    "performanceMetrics": {
      "avgSentQPS": 25.09871269103172,
      "avgCompletedQPS": 23.84927458415041,
      "errorRate": 5.238893545683151
    },
    "latencyAnalysis": {
      "sensorData": {
        "avg": 149.11379257644901,
        "min": 35.5204853687964,
        "max": 842.9529182137321,
        "buckets": [
          42,
          41,
          30,
          74,
          91,
          42,
          48,
          80,
          24,
          33,
          90,
          63,
          50
        ],
        "highPriorityCount": 56,
        "highPriorityAvg": 210.4747906244533,
        "highPriorityMin": 23.571404609750434,
        "highPriorityMax": 872.0059197880673,
        "highPriorityBuckets": [
          3,
          22,
          32,
          13,
          41,
          48,
          49,
          16,
          33,
          33,
          37,
          11,
          6
        ]
      },
      "sensorRW": {
        "avg": 124.7637392319182,
        "min": 48.26959972421552,
        "max": 951.4029887393921,
        "buckets": [
          44,
          84,
          17,
          54,
          70,
          58,
          30,
          47,
          20,
          5,
          19,
          14,
          50
        ],
        "highPriorityCount": 78,
        "highPriorityAvg": 71.29610169416952,
        "highPriorityMin": 30.439454884722778,
        "highPriorityMax": 950.327057543967,
        "highPriorityBuckets": [
          11,
          30,
          25,
          18,
          43,
          22,
          49,
          42,
          14,
          8,
          35,
          26,
          14
        ]
      },
      "batchRW": {
        "avg": 41.65944157698041,
        "min": 9.069093653127908,
        "max": 108.28796393013424,
        "buckets": [
          96,
          31,
          41,
          53,
          96,
          20,
          91,
          22,
          62,
          79,
          49,
          31,
          66
        ],
        "highPriorityCount": 97,
        "highPriorityAvg": 30.497065151309034,
        "highPriorityMin": 9.005486615693826,
        "highPriorityMax": 137.76783960240053,
        "highPriorityBuckets": [
          38,
          34,
          30,
          18,
          19,
          10,
          9,
          9,
          4,
          21,
          34,
          33,
          50
        ]
      },
      "query": {
        "avg": 478.07905178693244,
        "min": 225.95736652056212,
        "max": 3731.166383153997,
        "buckets": [
          0,
          0,
          2,
          69,
          9,
          11,
          11,
          86,
          7,
          30,
          26,
          15,
          51
        ],
        "highPriorityCount": 5,
        "highPriorityAvg": 381.9466750505475,
        "highPriorityMin": 120.33993304128394,
        "highPriorityMax": 3907.7549410625847,
        "highPriorityBuckets": [
          12,
          17,
          3,
          6,
          28,
          42,
          1,
          28,
          13,
          15,
          21,
          39,
          29
        ]
      }
    }
  }
}