{
  "team_id": "team4",
  "team_name": "测试小组四",
  "timestamp": "2025-07-25T12:08:55.098746",
  "stats": {
    "totalElapsed": 136.4894519051589,
    "totalSent": 2543,
    "totalOps": 2309,
    "totalErrors": 234,
    "totalSaveDelayErrors": 56,
    "pending": 50,
    "operations": {
      "sensorData": {
        "operations": 786,
        "errors": 54
      },
      "sensorRW": {
        "operations": 570,
        "errors": 56
      },
      "batchRW": {
        "operations": 461,
        "errors": 45
      },
      "query": {
        "operations": 249,
        "errors": 25
      }
    },
    "highPriorityStats": {
      "sensorDataCount": 128,
      "sensorRWCount": 57,
      "batchRWCount": 55,
      "queryCount": 48,
      "totalCount": 282,
      "percentage": 11.089264648053481
    },
    "performanceMetrics": {
      "avgSentQPS": 18.631476385201033,
      "avgCompletedQPS": 16.917058188528976,
      "errorRate": 10.134257254222607
    },
    "latencyAnalysis": {
      "sensorData": {
        "avg": 93.18498154549312,
        "min": 26.93158307482971,
        "max": 492.2240048671227,
        "buckets": [
          41,
          60,
          22,
          83,
          75,
          23,
          13,
          46,
          39,
          25,
          9,
          63,
          3
        ],
        "highPriorityCount": 63,
        "highPriorityAvg": 133.7478375607072,
        "highPriorityMin": 22.247455437614985,
        "highPriorityMax": 265.5435022697686,
        "highPriorityBuckets": [
          44,
          11,
          40,
          0,
          9,
          25,
          0,
          10,
          24,
          35,
          4,
          18,
          39
        ]
      },
      "sensorRW": {
        "avg": 224.2924152626957,
        "min": 42.91236778390174,
        "max": 1367.3098588597634,
        "buckets": [
          87,
          11,
          63,
          67,
          73,
          26,
          79,
          88,
          1,
          23,
          86,
          14,
          65
        ],
        "highPriorityCount": 10,
        "highPriorityAvg": 162.71211204254396,
        "highPriorityMin": 32.47881382260326,
        "highPriorityMax": 975.0201328005427,
        "highPriorityBuckets": [
          19,
          25,
          7,
          25,
          38,
          36,
          22,
          33,
          26,
          25,
          13,
          40,
          21
        ]
      },
      "batchRW": {
        "avg": 453.0093297463519,
        "min": 86.92990648575777,
        "max": 1001.7527235458971,
        "buckets": [
          11,
          8,
          76,
          69,
          68,
          75,
          41,
          28,
          96,
          94,
          86,
          34,
          10
        ],
        "highPriorityCount": 19,
        "highPriorityAvg": 550.8451350574104,
        "highPriorityMin": 75.03790058895649,
        "highPriorityMax": 508.0884832169455,
        "highPriorityBuckets": [
          13,
          48,
          11,
          16,
          31,
          23,
          9,
          32,
          38,
          13,
          3,
          8,
          9
        ]
      },
      "query": {
        "avg": 47.20029555451274,
        "min": 5.562321287246887,
        "max": 431.7852487550237,
        "buckets": [
          51,
          59,
          22,
          17,
          91,
          70,
          87,
          72,
          9,
          97,
          20,
          44,
          21
        ],
        "highPriorityCount": 85,
        "highPriorityAvg": 57.98378407481166,
        "highPriorityMin": 5.342743153223407,
        "highPriorityMax": 457.1025187321155,
        "highPriorityBuckets": [
          41,
          41,
          17,
          34,
          50,
          0,
          49,
          47,
          10,
          38,
          1,
          10,
          41
        ]
      }
    }
  }
}